Player,Code
-Canada-,_C
-TheCatographer-,Cτ
11Joe28,1J
25devaehaaustin,2d
3_2_1_Liftoff,32
301192,30
31415926535,pi
3vilFish88,3v
4_PriNce_24,4P
468178,46
51395,51
aa_3,α3
aaditya08-08-05,@a
aashnaquiz,aq
AasprihaDey,@@
abecedarians,a<
abstractcouch,ab
Ace321,Ac
acepoint2000,α0
adal,aa
aduchscher,ad
aeries,aβ
aerodynamic,ae
afarbetterrest,af
Agapw_ta_kouiz,Ag
Ahalan,Ah
Ahana2006,A6
air_catcher07,a♠
ajones15,a☺
aka_caim,a_
akbackstreetgirl,ak
aldiverman,λ<
alephnulljoe,aj
alexlungu7543,aл
alexmtippett,aλ
Ali_B,♠B
Alibias,a¤
alinrotundu,ar
Almy,A♣
AlphaCentBb,Ap
am18,18
andrewholmes3,a♥
andrewsethkay,a+
androc,a°
andwhit,&w
animikha07,a7
ankitdawadi,◘@
Annarita94,An
anonymous987,a?
Anonymus_Cookie,A►
anp8,a8
anthanyjp,a♦
Antissa,βA
Ares2004,A4
arg10809,a9
armadilloking,am
armadylo97,λ$
ASMR,AS
assemblyeditors,a^
Astr0,A0
AstronoMae,A$
AtomicIce,AI
AtticusDutch,@D
AuroraIllumina,_A
australiantiger,au
autoparts2,a2
babyrockhopper,ba
BadgerDemon,BΔ
baldorr,bd
Bamba26,26
BanjoZebra,BZ
Barbecue,Bq
barefootman,b#
BarneyOwl4,B4
baronvonbruhl,b♂
bbtxxxsike,ββ
beaujarkko,bj
beesley__,b_
beisaa,be
bella293,b!
BentleyTheRat,Bβ
bgproblox,bx
Billy5545,B∟
billycannon,bc
BillyJoelRulez,B£
Birchfall,B↓
blackforesteuska,bþ
BlackOutDawn,B<
Blebleble1419,B9
blindside,bl
Bloop132,B°
BlueApocalypse12,B►
BlueMysticStreak,B%
BMAli,BM
BobaFret,Bo
BoggelTeam,βT
Bombardier_8,B◘
BombaySapphire,BS
BookCat97,B♦
BookishGirl98,98
borogove,bg
bowsntoys,bw
Boycie,By
bradenzhang20,z2
brainyface,br
braverobot,βr
BRDHomusubi,BH
briskt,b$
Brocklefrog,Bf
brocksingleton1,b1
Broncopolis,Bn
BrotherBear,BB
bryanhlyuen,b&
Bubbmore,B^
Bubuwit,♦B
bucoholico2,b2
Bulbocodium,Bu
bumblebee-smiles,♦%
Burning_Stork,B+
bvargas_15,b5
CadillacElDorito,♦D
calculusnerd7,c7
Calum_Harper,CH
campervancanucks,♦m
Campion12,C♀
CanadaIceGuy,CI
CandySnap,CS
cannonbilly0331,c↑
canobie96,c6
cantdecide,cd
captain_marvel,cm
caramba,ca
carolynf79,c9
CaseyCase,CC
caseyw690,cw
cassie_ann,c_
cavsin7,cv
Certo,Ce
cgg42,c%
CGMFan1,C#
Chadgreenway,Cg
Chanyinghei81,81
chaosBEE,xB
charlotte_wise5,(5
Charnsea,&s
chaste,&+
CheesyBacon,&~
cheetahfaceee767,76
ches2212,&2
chessboy8888,&ß
chezza,&z
ChicagoGuy88,88
Chukwudubem,&d
chuugoku,&u
Cika_Zare,CZ
cmkeller,♠C
colbsmoon,cω
colesoncreeper12,c+
Colin_F_Harkins,CF
Colmar,Co
ColoRedPaint,CR
combocombat72,72
connieknonnie,ck
corydora,c¤
Cowpie4,C4
CrazyCakes2010,C0
creed_ryan,#r
Cryptus,#y
cutebird27,c←
Cycle_baby,Cb
Daandyy_Raandyy,DR
daisy67pet,67
Dalek_Harkness,DH
damionm21,d§
Dana666,D6
DanicaFan82,DF
daniellaij,d£
dannycohen117,d<
Dariusiz,Dz
Dark_Ultra7,D7
DarkAppraiser44,D4
david6k,6k
DavidEwanForbes1,D1
DavidG80,D8
davidsomodio,ds
dcfvgh,dc
DDMjr,DD
DeathTheK1d,£D
del_rey_pizza,d_
devotchka,de
dezfr19,d9
DiamondSword14,D♫
diffusion,di
Dinosalsa,D$
Doctor_Arzt,DA
DoctorWhoFan3-14,D?
Donaldsons,D+
doodles417,do
DrydenDon,ΔΔ
dubem,du
dumby321,d3
DunyGITH,DG
dwill484,d&
dylanculp,dy
EC_4L,4L
EchoDragonArt,E♀
eggpan,E♫
El_Dandy,ED
elizabeth_c26,e_
ella00,00
elzasezra,el
emilymarie07,e7
enelabe,e£
eneralporcupine,en
Engineer101,E1
Eobo,Eo
eon,œn
ermd31,e3
Ermejo,Ej
Eskimoed,Es
ethanharris597,eþ
EveiyaIsland2,E☻
evers6204,e6
Evreka,Ev
Exodiafinder687,%E
eyedar,ey
EzrianBashirax,Ez
fagalmon,fa
fairytailqueen,fq
Fast_Minecraft,FM
fennonlupin,fe
fetf,@f
filcik,fk
FilipinoBreloom,FB
finlayuakarifan,fy
finn78,78
Finney,Fi
Fish_Noob,FN
Flags12345,F5
flipzki17,17
foxinabox74,74
francescogiusti,fg
francisvaldo,f<
freakybeastie,fr
FreakyFlyBry,FF
FredTask,FT
Friklazen_HUN,FH
frizzle99,f9
FromTheDeskOfJAW,Fþ
fvs,fv
gacha,$g
gaiancls,g♦
Galaxxite,Gx
garolo,g#
gavinstrickland,ga
GDImpulse,☺G
geo-nerd,g_
GeoEarthling,GE
geraldino,g€
geronimostilton,gs
geshmonkey,gy
GiantYvetalS,G+
gibbanana,gi
Gmihaly,Γm
gobalmers,gb
gocowboys,þg
Golden_Wolf7,GW
golfminer13,gm
gonnathrowitaway,g>
gonzalosc98,g8
Gorangers2014,Go
gordonallan79677,g7
Gozzy,Gz
grace32,g?
Gray_Roze,GR
GrayCatbird,GC
groovynewborn,gn
guilherme_4,g4
Gustav_Jandausch,Gv
hallidayms,hd
hamiltongirl17,h♠
hammondnoah44,44
happyaddi11,h1
harveylancenyc,ha
hcd199,h%
HCTristesse,HC
helloeveryone123,h{
HelloThere_,H_
helpmehelpu101,h€
hemrsa,he
HeWhoWalksSilly,H<
Hickorygirl,h♀
hilco,hi
HistoryQuizzer,H?
HmmYes,HY
Hockeycat,H¢
hockeyfor2,h2
hockeystix3,h3
Holly62092,H£
Hongfer,Ħo
horngry,hg
houndrai,ho
hrehman5435,hr
HStickminEsq,Hq
Hyph0,H0
I_LOVE_MUSIC,♥m
I-Am-Batman,I♠
ianmoone32,ia
Iceblock715,♠n
IcicleWizard001,IW
idachristian9,i9
Idjit,Iδ
ifarish20,20
IKnowThingsGood,£i
ilikecountries,i♥
imcalled,i♦
indianapolis,in
IndiaTheBest,I+
inesbaptistatimo,iπ
Intoxicated_Kiwi,IK
irllylubsporcle,ir
IronBalls,IB
iwascaught,iw
IYgoob,IY
izzybellalink07,iz
Jack_0818,J8
jackaronson23,j2
Jackpotlch,Jπ
Jango832,J@
januspoquelin,jp
JasperE,J♣
javaso,jv
Jazzyblue16,J►
jbryman,jb
Jefedor,J¤
jelroy,je
JeluPotter25,25
jesperstrampel00,j0
Jessbowen,J£
Jet_Jaguar,JJ
JG2007,J7
JHaria,JH
jimbaz,jz
jlyons660,jl
jmelton,jm
joelorr,j¤
joelpulman,j♂
JoeyCL,JC
joeydeka,jd
joeyppicchi,j#
JoeysRattata,JR
johnerikreynolds,jл
JohnFran,JF
jordiu,j<
Joshie_the_great,Jg
jpmorais,j+
jstigum,js
jusk,ju
justkeepswiming,jk
jwalsh101,jw
jwarman99,j9
jwg051,j1
Kanpo1,K1
KansasJayhawk,KJ
karedu1997,k7
karencarpenter,ka
kbhj2ydvr,kb
Keeley_Queen12,k^
KeeshCab,KC
KevBowler300,K0
kevintmoss,ke
kfastic,kf
khake43,k3
ki11erbu11et,k♣
Kiii,Ki
Kinkajoulover,K♥
kirbylamar,kl
Kit_Spades,KS
kittygranger842,kg
Koltrane,Kω
Korobasno,Ko
Kronsky,Kr
ktassone,k►
KUFan,KU
Kugelblitz,K↑
KumikaAizawa,K_
kymiller17,Kœ
ladylora,LL
LanceGonzales,LG
LAndy1414141,λa
larissami,l♣
latitudepika,lt
laurence1,L1
Lavalegendpro,Lv
LDtheFrenchie,LD
Le_Badger,LB
Lemurianul,Le
LeRoiLear,λœ
lexmith,lx
lfrench30,λ0
lili8036,££
LilPndck,LP
Lindsay,Ly
LisaSimpsonOH,LS
Liz_Lemon,Lz
Lizzyluna,zz
lnaceri000,L0
loesje11,11
lolarwickson,lw
LOLDOGS,LO
lollipopfreak,lf
lopezjlb10,lj
loudonclear9,l9
lucalom03,l♥
lucastank321,l3
Luchadores,Λu
Lucie-kid,L-
lukeh21,L2
luvcats142,lu
LyndonG,L►
maatheusper,♥a
Magmech,m%
Magnavox,♥g
Magyk,♥y
MajesticPenguin8,♥P
malbar,mb
mamieghurzkaya,♥►
mangointhewoods,♂g
manue,m♂
maomarky,♥o
marc01,m1
mariek,♥k
Mark2506,M2
markopopovik,♥☺
Marsowwle,M@
MartySue,♥§
MasonSui123,Mø
MasterMatt23,23
matavar,♥t
matthewghosh88,@8
matthijsbp,ma
mccoybop16,mc
mckpat,m♣
mdseuss,md
meforpres,m4
Megaiguana,M↑
Megod40,m►
metakoopa99,99
mg10,mg
miamidolphins,m?
michaeljgarman10,mj
midge96,m9
mikenew,mn
mikeyfordo,m!
milc,mi
millibabe16,m£
minhnguyen,mh
Minopian,M°
mlesterjr588,ml
MMG_,M_
Molly2314,My
mommyrocks2005,m5
MongolKitten,MK
MonnikB,M☻
morgank9731,m¤
Moucho2,Mo
mrawesome1234q,mr
MrHawkeye99,M◙
MrSigma,♂S
mry25,m↓
MTwhiz,MT
mucciniale,mu
mwpride6,mw
MyKyrgyzstan,M&
nabean,nb
Nacchi,Nc
narp,np
nascarfan99,n9
nateeverett,na
NationMaster,NM
NeverLate68,NL
newkt,ne
nibperrychub,ni
ninety_nine,n_
Nino354,N4
notaratface,ør
NotNixon,NN
NotQuentin,øQ
NotTheLegend20,N2
nrbeyer,nr
nspyred,ns
NYYanks,NY
Oldtippecanoe9,O9
OOF223,O2
otherside,ot
Ouzla,Ou
P3rcu5510n,P3
pablogarciafcb,pb
panjandrum,p@
parkmandexterr,px
PARTSDUDE,PD
Party4evah,P4
Party555,P5
Pastor_Maldonado,P♥
Paulamirada2,P+
pavlovicmihailo6,pv
pecheneg,pe
Perry5555,p♣
petenge,p&
PhillyBoi,P♂
Phine,Ph
Pigeonface,Pf
PineappleTrivia,PT
pitchorneirda,pn
Pocket,Pk
PolandIntoSpace,Πo
PolarSloth,PS
PolygonPuzzles,PP
pomuineachain,p_
Portuguesistan,Po
pqpard,pq
PR_Boricua,P#
pretty2thinkso24,p2
PrincessMartell,PM
professor_beavis,pß
Project50Songs,50
ProudHufflepuff7,P7
purplebutterfly,pu
puzzler05,pz
qamersuheb612,q2
qlh27,ql
Quakke,Qk
QuantumRise,QR
QueenofStorms,QS
Quinoa,Qi
quirk7,q7
quiz_enthusiast,qe
Quizhappy,Qh
Quizmaster91,91
quizplayz,qp
quiztoria,qt
QuizzesForMe,Q4
r02943089,r9
Rackie,Ra
rajachola,rj
ranger64,64
raspberrywine,♣w
ravenclaws62442,r6
realgoblinshark,rg
reQuest,rQ
Richard_II,R2
richarddiamond_,rd
rishikrish29,rk
robertfoiz,rf
RobPro,R♣
Roeboat,rœ
Rom,R♥
Ror-Ror,Ro
rorriMgnizamA,ΞM
RoseTyler2019,ρ2
RosieIsla,♣!
roxyhildel,¤Ξ
Rozinik,Rz
rroxxanna,rr
RTwhiz78,RT
Rudd52,52
Rude_boy,Rb
rutabaga12,ru
rvss218,rv
Sam_Z,Sm
samdewinter,sω
sarahlefley100,s_
SarcasticCupcake,S☺
SargintReznik,SR
sathyamc,sa
sauergeek,$a
Saunterblugget_H,SH
savageman32,s♂
savenquit,sv
Scaredy,S¬
Scemer,$c
schlumpf,s&
schrobtopus,s§
sciencecraft2015,sc
scorpionfan,sf
scottwang,sव
ScrambledFigs,§^
Scroggins,§r
scrudaitheoir,s#
sdam,sd
seanpat0,s0
seanseanseansean,ss
seemoredetail,s+
Sergey7890,Se
sgeoghegan2002,sg
Sharpshot017-1,S7
shawnfrawn,s<
Shawnzapple,वx
shorlin,¤s
shpilbass,шp
siege_eh,si
siimparrol,s¤
SilentOne,S1
sillysarah,s£
SilverTails,ST
sirrmr7,$7
SJ777,SJ
Snow-Fox,वF
soberden,so
songbird19,sb
soverign,sn
spacemaniac,Sp
sparkle_sporcle,♠♠
Sparkyquizzer,S?
Spazzy,§z
spectrum8,s8
Spikeypikey,$p
SporclingQueen,S!
squidgal,σκ
squishycelery,sq
Sssophie,S♥
stanley830720,sL
StarSignFreak,ΣS
starwriter1109,s9
stevenmiller61,Σm
stlcardinalsfan,$f
Strawberry_Tofu,Στ
sufle,§f
SunderlandAfc,§L
Supercraft,§c
superman5677,§♂
superstar2006,§♥
sushique,§q
sweetlittledudes,sw
systemofaglobe,sy
szewi,sz
t_rev19,t9
Tails_fan_11,T♂
taj_finn,tf
takingquizzes,tq
talanton,ta
Tdrez,Td
TexasBall,tx
thaider94,th
the_bell_tolls,bt
The_LEGO_Nerd,LN
TheChigs,þ&
TheCleverone,þC
TheFridayMan,þF
TheGrasshopper,Gh
thejudge4_25,þj
TheMetalicAngel,TM
themightymoosh,mm
theobashau,tb
Thesaurus_Rex,_x
TheSkyIsTeal,T♠
thestarchyninja,þs
thisisarandomuse,→i
thisisawarning,tw
ThomasAHS,þA
thomasjoosten01,t1
tim_parr,tp
timao,ti
Timmay08,T8
tjjjmr,tj
TMcB23,T2
Tobsodan,To
Tokyodriftgamer,TK
Tom_the_Terrible,TT
tommiebodden,tΩ
TomT143,Tτ
tooshortpants,t£
toxic_waste,t_
Tr4pD00r,Tr
Treverbeast454,τρ
tsitsom,ts
tulbandkoe,t&
Turkeystar717,T◙
Tutt002,T☻
u2canwin,u2
Ubbiebubbie,Ub
ulla123,u£
UnoriginalUser,UU
Unyogurted,U◙
User71,71
Userlovingit,Us
Vektorius,Ve
Velkhan,Vk
velorumsaurus,v☺
vervain3,v3
Vexillologer,Vx
victhebeast,vi
Viggles,Vg
vijeljko,v#
VikingEric,V?
vishwathg,V◙
vladedivac,vl
Voivode,Vo
vrh28,v2
vueltaarrt,vu
vxwk,v£
walrus123,w◙
Waltzing,Wz
wareagle04,w4
Wayne6942,W9
Welshman114,W♂
Wham61,W6
william2,w2
windmill71,wm
wolfgirl02917,w0
Wrightboy05,W5
Wyny,Wy
xant_spectro,xs
Xartert,Xa
xTLWz,xz
xxdanloxx,xx
xXn00bslayerXx,x♠
xyz_,xy
yabroilike,ya
yanferreira2003,y3
Yankees2003,Yk
yetispaghetti,y#
zachtseng,za
zadamssquared,zs
ZaydSporcle,Z♠
ZBG,ZG
Zenithim,Ze
ZeydaThinker,ZT
zoingoboingo,zb
zopust,zp
Zubdew,Zu